--
-- PostgreSQL database dump
--

SET statement_timeout = 0;
SET client_encoding = 'UTF8';
SET standard_conforming_strings = on;
SET check_function_bodies = false;
SET client_min_messages = warning;

SET search_path = public, pg_catalog;

--
-- Data for Name: attachments; Type: TABLE DATA; Schema: public; Owner: ds_cabinet
--

COPY attachments (id, attachment, created_at, updated_at) FROM stdin;
1	_________________________________.doc	2014-06-05 14:06:04.425319	2014-06-05 14:06:04.425319
2	index.html	2014-07-18 06:33:02.665328	2014-07-18 06:33:02.665328
3	evilgit.jpg	2014-08-19 11:27:40.549783	2014-08-19 11:27:40.549783
\.


--
-- Name: attachments_id_seq; Type: SEQUENCE SET; Schema: public; Owner: ds_cabinet
--

SELECT pg_catalog.setval('attachments_id_seq', 3, true);


--
-- Data for Name: attachments_messages; Type: TABLE DATA; Schema: public; Owner: ds_cabinet
--

COPY attachments_messages (id, attachment_id, message_id) FROM stdin;
1	3	40
\.


--
-- Name: attachments_messages_id_seq; Type: SEQUENCE SET; Schema: public; Owner: ds_cabinet
--

SELECT pg_catalog.setval('attachments_messages_id_seq', 1, true);


--
-- Data for Name: config_items; Type: TABLE DATA; Schema: public; Owner: ds_cabinet
--

COPY config_items (id, key, value, "default", created_at, updated_at) FROM stdin;
1	search_banned_words	\N		2014-05-21 09:36:34.047642	2014-05-21 09:36:34.047642
2	registration_enabled	\N	true	2014-05-28 10:00:59.33722	2014-05-28 10:00:59.33722
\.


--
-- Name: config_items_id_seq; Type: SEQUENCE SET; Schema: public; Owner: ds_cabinet
--

SELECT pg_catalog.setval('config_items_id_seq', 2, true);


--
-- Data for Name: messages; Type: TABLE DATA; Schema: public; Owner: ds_cabinet
--

COPY messages (id, topic_id, user_id, text, created_at, updated_at, read_at) FROM stdin;
1	6	9	УСН	2014-06-05 14:03:03.279189	2014-06-05 14:03:03.279189	\N
2	6	9	УСН с 6 %	2014-06-05 14:04:14.01998	2014-06-05 14:04:14.01998	\N
3	6	9	Упрощенная система налогообложения 	2014-06-05 14:04:32.228797	2014-06-05 14:04:32.228797	\N
4	6	4	Спасибо! Сколько в среднем операций Вы декларируете?	2014-06-05 14:06:41.076369	2014-06-05 14:06:41.076369	\N
5	7	4	Не совсем понятно, про какую строку вы говорите. 	2014-06-05 14:07:03.056625	2014-06-05 14:07:03.056625	\N
6	7	9	Я ввела, тип налогообложения, он выдал вторую пустую строку	2014-06-05 14:08:11.687871	2014-06-05 14:08:11.687871	\N
7	7	9	А также непонятно, какой файл я должна загрузить	2014-06-05 14:08:35.310505	2014-06-05 14:08:35.310505	\N
8	6	9	Незнаю	2014-06-05 14:09:10.371863	2014-06-05 14:09:10.371863	\N
9	7	9	Переписка с вами также не удобна, неинтерактивна, даже сразу не поняла, что отвечаете	2014-06-05 14:10:00.735362	2014-06-05 14:10:00.735362	\N
10	6	4	На УСН мы обслуживаем клиентов у которых не более 5 декларируемых операций. Также на патенте и ЕНВД.	2014-06-05 14:13:32.815372	2014-06-05 14:13:32.815372	\N
11	7	4	Спасибо за Ваш комментарий, мы работаем над продуктом. Текущая реализация на стадии пилота. С вашими комментариями мы сможем сделать сервис лучше.	2014-06-05 14:15:10.91406	2014-06-05 14:15:10.91406	\N
12	6	4	Если у вас менее 5, то мы предлагаем вам оплатить на сайте бухгалтерское обслуживание и к вам подьедет курьер для подписания договора. 	2014-06-05 14:18:56.267474	2014-06-05 14:18:56.267474	\N
14	6	9	Абсолютно не понятно, в какие сроки операции, а также что вы предполагаете, под словом операция ? Уплата налогов или РКО. 	2014-06-05 14:25:11.980827	2014-06-05 14:25:11.980827	\N
15	8	4	Спасибо! Сколько в среднем операций Вы декларируете?	2014-06-05 14:26:30.390921	2014-06-05 14:26:30.390921	\N
13	8	10	Упрощенка	2014-06-05 14:22:15.322416	2014-06-05 14:22:15.322416	2014-06-05 14:26:30.397828
16	6	4	Имелось ввиду обработка строк вашей банковской выписки. Акты, накладные, счета-фактуры, платежные документы и подобное. Какая у Вас деятельность?	2014-06-05 14:36:59.029999	2014-06-05 14:36:59.029999	\N
17	6	9	Руслан, может быть вам неверное поставили задачу, меня интересует только сдача налоговой отчетности  в срок и подсчет налогов. Может я расчетный счет даже открывать не хочу. Поговорите с Иваном Воронцовым	2014-06-05 14:40:41.543164	2014-06-05 14:40:41.543164	\N
18	6	4	Я вас понимаю, только хочу удостовериться, что вы сдаете на УСН 6 минималку. Иначе мы не сможем вас обслуживать. Патент и ЕНВД мы регистрируем сразу. А тех кто на УСН приходится помучать вопросами:)  Прошу прощение за неудобства.	2014-06-05 14:58:09.04929	2014-06-05 14:58:09.04929	\N
19	10	11	УСН доходы минус расходы	2014-06-06 07:19:33.4619	2014-06-06 07:19:33.4619	\N
20	11	11	Здравствуйте!)))	2014-06-06 07:21:47.332088	2014-06-06 07:21:47.332088	\N
21	10	4	Добрый день! Скажите какая у вас деятельность? Сколько обычно операций проводится в налоговой отчетности?	2014-06-06 07:23:41.3296	2014-06-06 07:23:41.3296	\N
22	6	9	А как дальше? Т.е. как сдавать отчетность?	2014-06-16 09:04:17.947947	2014-06-16 09:04:17.947947	\N
23	6	4	Мы показываем виджет с тарифом на оплату. После оплаты  в течении пары дней к вам подъедет курьер для подписания договора. Во время сдачи (тут сдачи или подготовки?) отчетности вам на телефон прийдет смс-уведомление с перечнем необходимых от вас документов, либо о готовности отчетности. Вам останется только все подтвердить.	2014-06-16 10:43:31.260031	2014-06-16 10:43:31.260031	\N
24	6	9	А где виджет, я ничего не вижу	2014-06-17 03:35:03.796729	2014-06-17 03:35:03.796729	\N
25	6	4	Есть два варианта оплаты, годовой тариф на обслуживание 12 месяцев и квартальный на 3 месяца. Соответственно, год будет стоить - 600р в месяц, а квартал - 800р в месяц. Какой вариант выбираете?	2014-06-17 08:03:57.601071	2014-06-17 08:03:57.601071	\N
26	12	12	Здравствуйте! ЕНВД	2014-06-18 08:37:53.454505	2014-06-18 08:37:53.454505	2014-06-18 08:38:34.37818
27	12	4	Есть два варианта оплаты, годовой тариф на обслуживание 12 месяцев и квартальный на 3 месяца. Соответственно, год будет стоить - 600р в месяц, а квартал - 800р в месяц. Какой вариант выбираете?	2014-06-18 08:38:41.775032	2014-06-18 08:38:41.775032	\N
28	12	12	Годовой	2014-06-18 08:38:57.089143	2014-06-18 08:38:57.089143	2014-06-18 08:40:20.573949
29	17	15	Здравствуйте. Приятно познакомиться	2014-06-30 11:45:08.166994	2014-06-30 11:45:08.166994	\N
30	26	5	 cancelled	2014-08-11 12:51:11.235212	2014-08-11 12:51:11.235212	\N
31	25	5	cancelled	2014-08-11 12:51:16.654366	2014-08-11 12:51:16.654366	\N
32	24	5	cancelled	2014-08-11 12:51:22.311127	2014-08-11 12:51:22.311127	\N
33	23	5	cancelled	2014-08-11 12:51:28.21292	2014-08-11 12:51:28.21292	\N
34	22	5	cancelled	2014-08-11 12:51:33.996369	2014-08-11 12:51:33.996369	\N
35	21	5	cancelled	2014-08-11 12:51:43.0682	2014-08-11 12:51:43.0682	\N
36	26	5	1	2014-08-11 12:51:55.83285	2014-08-11 12:51:55.83285	\N
37	26	5	3	2014-08-11 12:52:01.347485	2014-08-11 12:52:01.347485	\N
38	30	5	оплачен	2014-08-13 14:46:35.787266	2014-08-13 14:46:35.787266	2014-08-14 12:57:45.118801
39	23	5	Првиет	2014-08-18 10:05:45.65652	2014-08-18 10:05:45.65652	\N
40	2	3	git	2014-08-19 11:27:45.77427	2014-08-19 11:27:45.77427	\N
41	16	5	Лега́то (итал. legato «связанный») в музыке — приём игры на музыкальном инструменте, связное исполнение звуков, при котором имеет место плавный переход одного звука в другой, пауза между звуками отсутствует. Легато показывает, что ноты играются или поются гладко и связно.\nЛега́то (итал. legato «связанный») в музыке — приём игры на музыкальном инструменте, связное исполнение звуков, при котором имеет место плавный переход одного звука в другой, пауза между звуками отсутствует. Легато показывает, что ноты играются или поются гладко и связно.	2014-08-19 11:30:10.748671	2014-08-19 11:30:10.748671	\N
42	2	3	pro\n	2014-08-19 14:56:02.495478	2014-08-19 14:56:02.495478	\N
43	2	3	tot	2014-08-19 14:56:24.957359	2014-08-19 14:56:24.957359	\N
44	2	3	о зебра	2014-08-19 14:56:31.829323	2014-08-19 14:56:31.829323	\N
\.


--
-- Name: messages_id_seq; Type: SEQUENCE SET; Schema: public; Owner: ds_cabinet
--

SELECT pg_catalog.setval('messages_id_seq', 44, true);


--
-- Data for Name: notifications; Type: TABLE DATA; Schema: public; Owner: ds_cabinet
--

COPY notifications (id, user_id, read_at, name, created_at, updated_at, object_id, object_type) FROM stdin;
1	3	\N	user_created	2014-05-29 11:36:07.207951	2014-05-29 11:36:07.207951	7	User
2	3	\N	user_attached	2014-05-29 11:36:07.233614	2014-05-29 11:36:07.233614	7	User
3	7	2014-05-31 07:23:48.356539	topic_created	2014-05-29 11:36:07.340739	2014-05-29 11:36:07.340739	4	Topic
4	3	\N	user_attached	2014-06-02 14:00:12.706489	2014-06-02 14:00:12.706489	5	User
5	3	\N	user_created	2014-06-03 11:47:52.540582	2014-06-03 11:47:52.540582	8	User
7	7	\N	user_created	2014-06-03 11:47:52.545718	2014-06-03 11:47:52.545718	8	User
8	7	\N	user_attached	2014-06-03 11:47:52.554189	2014-06-03 11:47:52.554189	8	User
9	8	\N	topic_created	2014-06-03 11:47:52.577619	2014-06-03 11:47:52.577619	5	Topic
6	4	2014-06-04 12:40:47.658514	user_created	2014-06-03 11:47:52.543831	2014-06-03 11:47:52.543831	8	User
10	3	\N	user_created	2014-06-05 14:02:30.715239	2014-06-05 14:02:30.715239	9	User
11	7	\N	user_created	2014-06-05 14:02:30.718908	2014-06-05 14:02:30.718908	9	User
13	7	\N	user_attached	2014-06-05 14:02:30.729876	2014-06-05 14:02:30.729876	9	User
15	7	\N	message_created	2014-06-05 14:03:03.353007	2014-06-05 14:03:03.353007	1	Message
16	7	\N	topic_created	2014-06-05 14:03:24.091357	2014-06-05 14:03:24.091357	7	Topic
14	9	2014-06-05 14:03:58.188922	topic_created	2014-06-05 14:02:30.83198	2014-06-05 14:02:30.83198	6	Topic
17	7	\N	message_created	2014-06-05 14:04:14.028288	2014-06-05 14:04:14.028288	2	Message
18	7	\N	message_created	2014-06-05 14:04:32.303009	2014-06-05 14:04:32.303009	3	Message
12	4	2014-06-05 14:07:14.195666	user_created	2014-06-05 14:02:30.720779	2014-06-05 14:02:30.720779	9	User
21	7	\N	message_created	2014-06-05 14:08:11.696225	2014-06-05 14:08:11.696225	6	Message
22	7	\N	message_created	2014-06-05 14:08:35.320735	2014-06-05 14:08:35.320735	7	Message
19	9	2014-06-05 14:08:51.682075	message_created	2014-06-05 14:06:41.087776	2014-06-05 14:06:41.087776	4	Message
23	7	\N	message_created	2014-06-05 14:09:10.38233	2014-06-05 14:09:10.38233	8	Message
20	9	2014-06-05 14:09:21.969589	message_created	2014-06-05 14:07:03.063328	2014-06-05 14:07:03.063328	5	Message
24	7	\N	message_created	2014-06-05 14:10:00.744395	2014-06-05 14:10:00.744395	9	Message
29	7	\N	user_created	2014-06-05 14:21:54.437277	2014-06-05 14:21:54.437277	10	User
32	10	2014-06-05 14:22:44.468534	topic_created	2014-06-05 14:21:54.563804	2014-06-05 14:21:54.563804	8	Topic
27	9	2014-06-05 14:23:45.724632	message_created	2014-06-05 14:18:56.280223	2014-06-05 14:18:56.280223	12	Message
34	4	2014-06-05 14:25:06.601682	topic_created	2014-06-05 14:23:36.949566	2014-06-05 14:23:36.949566	9	Topic
35	7	\N	message_created	2014-06-05 14:25:11.993741	2014-06-05 14:25:11.993741	14	Message
25	9	2014-06-05 14:25:20.999225	message_created	2014-06-05 14:13:32.825778	2014-06-05 14:13:32.825778	10	Message
26	9	2014-06-05 14:25:28.106019	message_created	2014-06-05 14:15:10.924996	2014-06-05 14:15:10.924996	11	Message
37	9	2014-06-05 14:39:26.373052	message_created	2014-06-05 14:36:59.042013	2014-06-05 14:36:59.042013	16	Message
33	4	2014-06-05 14:39:29.312284	message_created	2014-06-05 14:22:15.333365	2014-06-05 14:22:15.333365	13	Message
31	4	2014-06-05 14:39:33.70598	user_attached	2014-06-05 14:21:54.450186	2014-06-05 14:21:54.450186	10	User
30	4	2014-06-05 14:39:38.899618	user_created	2014-06-05 14:21:54.439648	2014-06-05 14:21:54.439648	10	User
38	7	\N	message_created	2014-06-05 14:40:41.560138	2014-06-05 14:40:41.560138	17	Message
36	10	2014-06-05 14:43:05.55416	message_created	2014-06-05 14:26:30.401516	2014-06-05 14:26:30.401516	15	Message
40	3	\N	user_created	2014-06-06 07:16:22.035601	2014-06-06 07:16:22.035601	11	User
41	7	\N	user_created	2014-06-06 07:16:22.037586	2014-06-06 07:16:22.037586	11	User
43	7	\N	user_attached	2014-06-06 07:16:22.044863	2014-06-06 07:16:22.044863	11	User
44	11	\N	topic_created	2014-06-06 07:16:22.051902	2014-06-06 07:16:22.051902	10	Topic
45	7	\N	message_created	2014-06-06 07:19:33.492925	2014-06-06 07:19:33.492925	19	Message
46	7	\N	topic_created	2014-06-06 07:20:56.345554	2014-06-06 07:20:56.345554	11	Topic
47	7	\N	message_created	2014-06-06 07:21:47.340192	2014-06-06 07:21:47.340192	20	Message
48	11	\N	message_created	2014-06-06 07:23:41.336612	2014-06-06 07:23:41.336612	21	Message
42	4	2014-06-06 07:29:14.350649	user_created	2014-06-06 07:16:22.039628	2014-06-06 07:16:22.039628	11	User
39	9	2014-06-16 09:03:37.235769	message_created	2014-06-05 14:58:09.062228	2014-06-05 14:58:09.062228	18	Message
49	7	\N	message_created	2014-06-16 09:04:17.979653	2014-06-16 09:04:17.979653	22	Message
50	9	2014-06-17 03:34:18.912386	message_created	2014-06-16 10:43:31.279741	2014-06-16 10:43:31.279741	23	Message
51	7	\N	message_created	2014-06-17 03:35:03.814304	2014-06-17 03:35:03.814304	24	Message
52	9	\N	message_created	2014-06-17 08:03:57.617255	2014-06-17 08:03:57.617255	25	Message
55	12	2014-06-18 08:37:36.038909	topic_created	2014-06-18 08:35:31.052218	2014-06-18 08:35:31.052218	12	Topic
56	4	2014-06-18 08:38:34.311744	message_created	2014-06-18 08:37:53.464918	2014-06-18 08:37:53.464918	26	Message
57	12	2014-06-18 08:39:48.784105	message_created	2014-06-18 08:38:41.783893	2014-06-18 08:38:41.783893	27	Message
58	4	2014-06-18 08:40:20.515519	message_created	2014-06-18 08:38:57.097515	2014-06-18 08:38:57.097515	28	Message
54	4	2014-06-18 08:40:26.722614	user_attached	2014-06-18 08:35:30.959557	2014-06-18 08:35:30.959557	12	User
53	4	2014-06-18 08:40:30.772894	user_created	2014-06-18 08:35:30.949515	2014-06-18 08:35:30.949515	12	User
61	13	\N	topic_created	2014-06-18 18:46:27.34791	2014-06-18 18:46:27.34791	13	Topic
60	4	2014-06-18 18:50:40.973513	user_attached	2014-06-18 18:46:27.253876	2014-06-18 18:46:27.253876	13	User
59	4	2014-06-18 18:50:56.567406	user_created	2014-06-18 18:46:27.24274	2014-06-18 18:46:27.24274	13	User
62	4	\N	user_created	2014-06-19 05:48:08.306902	2014-06-19 05:48:08.306902	14	User
63	13	\N	user_created	2014-06-19 05:48:08.309465	2014-06-19 05:48:08.309465	14	User
64	13	\N	user_attached	2014-06-19 05:48:08.315633	2014-06-19 05:48:08.315633	14	User
65	14	\N	topic_created	2014-06-19 05:48:08.323033	2014-06-19 05:48:08.323033	14	Topic
66	10	\N	topic_created	2014-06-19 11:33:46.827163	2014-06-19 11:33:46.827163	15	Topic
68	13	\N	user_created	2014-06-30 11:44:48.886352	2014-06-30 11:44:48.886352	15	User
69	4	\N	user_created	2014-06-30 11:44:49.003992	2014-06-30 11:44:49.003992	15	User
70	4	\N	user_attached	2014-06-30 11:44:49.048562	2014-06-30 11:44:49.048562	15	User
71	15	\N	topic_created	2014-06-30 11:44:49.103002	2014-06-30 11:44:49.103002	17	Topic
72	4	\N	message_created	2014-06-30 11:45:08.177566	2014-06-30 11:45:08.177566	29	Message
73	4	\N	user_attached	2014-06-30 12:46:44.531664	2014-06-30 12:46:44.531664	14	User
74	4	\N	user_attached	2014-06-30 12:47:04.627726	2014-06-30 12:47:04.627726	5	User
75	4	\N	user_attached	2014-06-30 12:47:18.660916	2014-06-30 12:47:18.660916	9	User
76	4	\N	user_attached	2014-06-30 12:47:25.74243	2014-06-30 12:47:25.74243	11	User
77	4	\N	user_attached	2014-06-30 12:48:23.400702	2014-06-30 12:48:23.400702	3	User
67	3	2014-07-04 10:07:01.179835	topic_created	2014-06-20 12:08:06.139559	2014-06-20 12:08:06.139559	16	Topic
28	3	2014-07-04 10:07:13.658957	user_created	2014-06-05 14:21:54.432946	2014-06-05 14:21:54.432946	10	User
78	4	\N	topic_created	2014-07-18 06:12:51.221389	2014-07-18 06:12:51.221389	18	Topic
79	13	\N	user_created	2014-07-21 11:13:05.847037	2014-07-21 11:13:05.847037	16	User
80	4	\N	user_created	2014-07-21 11:13:06.034908	2014-07-21 11:13:06.034908	16	User
81	4	\N	user_attached	2014-07-21 11:13:06.108503	2014-07-21 11:13:06.108503	16	User
82	16	\N	topic_created	2014-07-21 11:13:06.186478	2014-07-21 11:13:06.186478	19	Topic
83	13	\N	user_created	2014-07-22 07:13:31.695083	2014-07-22 07:13:31.695083	17	User
84	4	\N	user_created	2014-07-22 07:13:31.788084	2014-07-22 07:13:31.788084	17	User
85	13	\N	user_attached	2014-07-22 07:13:31.928899	2014-07-22 07:13:31.928899	17	User
86	17	\N	topic_created	2014-07-22 07:13:32.008149	2014-07-22 07:13:32.008149	20	Topic
92	5	2014-08-11 12:50:19.273819	topic_created	2014-08-11 12:36:59.302238	2014-08-11 12:36:59.302238	26	Topic
91	5	2014-08-11 12:50:31.001907	topic_created	2014-08-11 12:36:59.199097	2014-08-11 12:36:59.199097	25	Topic
90	5	2014-08-11 12:50:36.441991	topic_created	2014-08-11 12:00:36.654541	2014-08-11 12:00:36.654541	24	Topic
89	5	2014-08-11 12:50:40.477169	topic_created	2014-08-11 11:30:52.652039	2014-08-11 11:30:52.652039	23	Topic
88	5	2014-08-11 12:50:43.90584	topic_created	2014-08-11 11:30:42.599428	2014-08-11 11:30:42.599428	22	Topic
87	5	2014-08-11 12:50:48.969908	topic_created	2014-08-11 11:17:32.82361	2014-08-11 11:17:32.82361	21	Topic
93	4	\N	message_created	2014-08-11 12:51:11.250019	2014-08-11 12:51:11.250019	30	Message
94	4	\N	message_created	2014-08-11 12:51:16.664167	2014-08-11 12:51:16.664167	31	Message
95	4	\N	message_created	2014-08-11 12:51:22.319635	2014-08-11 12:51:22.319635	32	Message
96	4	\N	message_created	2014-08-11 12:51:28.22095	2014-08-11 12:51:28.22095	33	Message
97	4	\N	message_created	2014-08-11 12:51:34.009268	2014-08-11 12:51:34.009268	34	Message
98	4	\N	message_created	2014-08-11 12:51:43.076363	2014-08-11 12:51:43.076363	35	Message
99	4	\N	message_created	2014-08-11 12:51:55.841232	2014-08-11 12:51:55.841232	36	Message
100	4	\N	message_created	2014-08-11 12:52:01.359306	2014-08-11 12:52:01.359306	37	Message
105	5	2014-08-14 12:54:46.05075	topic_created	2014-08-13 14:46:19.412642	2014-08-13 14:46:19.412642	31	Topic
104	5	2014-08-14 12:54:50.480429	topic_created	2014-08-13 11:03:41.508506	2014-08-13 11:03:41.508506	30	Topic
103	5	2014-08-14 12:54:53.61375	topic_created	2014-08-12 13:35:38.393474	2014-08-12 13:35:38.393474	29	Topic
102	5	2014-08-14 12:55:03.170779	topic_created	2014-08-12 13:34:41.619032	2014-08-12 13:34:41.619032	28	Topic
101	5	2014-08-14 12:55:12.151205	topic_created	2014-08-12 13:13:33.705146	2014-08-12 13:13:33.705146	27	Topic
106	4	2014-08-14 12:57:45.052226	message_created	2014-08-13 14:46:35.798196	2014-08-13 14:46:35.798196	38	Message
116	5	2014-08-14 13:24:29.462611	topic_created	2014-08-14 13:12:28.147237	2014-08-14 13:12:28.147237	41	Topic
115	5	2014-08-14 13:24:46.642962	topic_created	2014-08-14 12:56:27.227038	2014-08-14 12:56:27.227038	40	Topic
117	5	2014-08-14 13:40:23.614122	topic_created	2014-08-14 13:29:46.927772	2014-08-14 13:29:46.927772	42	Topic
114	5	2014-08-14 13:40:35.733065	topic_created	2014-08-14 12:56:27.164796	2014-08-14 12:56:27.164796	39	Topic
113	5	2014-08-14 13:40:41.500516	topic_created	2014-08-14 12:56:26.736391	2014-08-14 12:56:26.736391	38	Topic
112	5	2014-08-14 13:40:46.12812	topic_created	2014-08-14 12:56:26.71427	2014-08-14 12:56:26.71427	37	Topic
111	5	2014-08-14 13:41:05.320178	topic_created	2014-08-14 12:56:25.709076	2014-08-14 12:56:25.709076	36	Topic
110	5	2014-08-14 13:41:20.901952	topic_created	2014-08-14 12:56:25.647205	2014-08-14 12:56:25.647205	35	Topic
109	5	2014-08-14 13:41:33.234698	topic_created	2014-08-14 12:56:25.407615	2014-08-14 12:56:25.407615	34	Topic
108	5	2014-08-14 13:41:36.966554	topic_created	2014-08-14 12:56:24.934075	2014-08-14 12:56:24.934075	33	Topic
107	5	2014-08-14 13:41:40.900599	topic_created	2014-08-14 12:56:24.929355	2014-08-14 12:56:24.929355	32	Topic
118	5	2014-08-14 14:49:22.541685	topic_created	2014-08-14 14:48:42.908115	2014-08-14 14:48:42.908115	43	Topic
119	5	2014-08-14 15:17:14.655632	topic_created	2014-08-14 15:16:36.383085	2014-08-14 15:16:36.383085	44	Topic
120	5	2014-08-14 15:21:57.111242	topic_created	2014-08-14 15:21:00.580294	2014-08-14 15:21:00.580294	45	Topic
121	5	2014-08-14 15:56:08.006201	topic_created	2014-08-14 15:55:35.810892	2014-08-14 15:55:35.810892	46	Topic
122	4	\N	message_created	2014-08-18 10:05:45.667161	2014-08-18 10:05:45.667161	39	Message
123	4	\N	message_created	2014-08-19 11:27:45.803781	2014-08-19 11:27:45.803781	40	Message
124	4	\N	message_created	2014-08-19 11:30:10.756737	2014-08-19 11:30:10.756737	41	Message
125	4	\N	topic_created	2014-08-19 13:52:10.488061	2014-08-19 13:52:10.488061	47	Topic
126	4	\N	message_created	2014-08-19 14:56:02.504609	2014-08-19 14:56:02.504609	42	Message
127	4	\N	message_created	2014-08-19 14:56:24.967485	2014-08-19 14:56:24.967485	43	Message
128	4	\N	message_created	2014-08-19 14:56:31.839186	2014-08-19 14:56:31.839186	44	Message
\.


--
-- Name: notifications_id_seq; Type: SEQUENCE SET; Schema: public; Owner: ds_cabinet
--

SELECT pg_catalog.setval('notifications_id_seq', 128, true);


--
-- Data for Name: recoveries; Type: TABLE DATA; Schema: public; Owner: ds_cabinet
--

COPY recoveries (id, phone, workflow_state, created_at, updated_at) FROM stdin;
1	+79250220863	done	2014-06-02 11:06:28.227538	2014-06-02 11:06:28.227538
2	+79250756548	done	2014-06-02 14:01:26.82151	2014-06-02 14:01:26.82151
3	+79250220863	done	2014-06-04 12:39:02.769887	2014-06-04 12:39:02.769887
4	+79250756548	awaiting_verification	2014-06-04 13:04:24.872897	2014-06-04 13:04:24.872897
5	+79250220863	done	2014-06-05 07:11:29.882712	2014-06-05 07:11:29.882712
6	+79250220863	done	2014-07-02 05:50:54.58775	2014-07-02 05:50:54.58775
7	+79250220863	done	2014-07-02 05:52:20.459184	2014-07-02 05:52:20.459184
8	+79250756548	done	2014-07-02 06:47:50.651395	2014-07-02 06:47:50.651395
9	+79137776000	done	2014-07-02 12:21:18.358247	2014-07-02 12:21:18.358247
10	+79137776000	done	2014-07-02 12:22:32.044803	2014-07-02 12:22:32.044803
11	+79250756548	done	2014-07-03 11:20:01.775946	2014-07-03 11:20:01.775946
12	+79250756548	done	2014-07-03 11:40:34.386629	2014-07-03 11:40:34.386629
13	+79250756548	done	2014-07-07 06:11:28.531839	2014-07-07 06:11:28.531839
14	+79250756548	awaiting_verification	2014-07-14 12:07:17.000182	2014-07-14 12:07:17.000182
15	+79250756548	awaiting_verification	2014-07-15 13:15:26.793832	2014-07-15 13:15:26.793832
16	+79250756548	awaiting_verification	2014-07-16 06:07:38.150754	2014-07-16 06:07:38.150754
17	+79250756548	awaiting_verification	2014-07-16 06:34:20.439276	2014-07-16 06:34:20.439276
18	+79250756548	awaiting_verification	2014-07-16 11:38:07.050552	2014-07-16 11:38:07.050552
19	+79250756548	awaiting_verification	2014-07-16 11:38:07.10166	2014-07-16 11:38:07.10166
20	+79250756548	awaiting_verification	2014-07-16 18:38:37.200346	2014-07-16 18:38:37.200346
21	+79250756548	done	2014-07-17 07:14:18.370519	2014-07-17 07:14:18.370519
22	+79250756548	done	2014-07-22 10:16:06.356644	2014-07-22 10:16:06.356644
23	+79250756548	done	2014-07-29 11:59:25.154184	2014-07-29 11:59:25.154184
24	+79250220863	done	2014-07-30 07:06:49.81786	2014-07-30 07:06:49.81786
25	+79250756548	done	2014-08-06 13:12:50.448339	2014-08-06 13:12:50.448339
26	+79250220863	done	2014-08-11 11:00:40.098874	2014-08-11 11:00:40.098874
\.


--
-- Name: recoveries_id_seq; Type: SEQUENCE SET; Schema: public; Owner: ds_cabinet
--

SELECT pg_catalog.setval('recoveries_id_seq', 26, true);


--
-- Data for Name: registrations; Type: TABLE DATA; Schema: public; Owner: ds_cabinet
--

COPY registrations (id, phone, ogrn, created_at, updated_at, workflow_state, admin_notified, inn, company_name, region_code) FROM stdin;
29	+79659034567	304550423900137	2014-06-18 07:56:10.908048	2014-06-18 07:56:10.908048	awaiting_verification	t	551201223082	Кожевникова Анна Валерьевна	52
3	+79109427100	1107746762463	2014-05-27 12:40:57.664878	2014-05-27 12:40:57.664878	awaiting_confirmation	f	7714818115	Общество с ограниченной ответственностью "Эвитерра Трэвел"	45
4	+71111111160	1023301254426	2014-05-27 12:47:25.1758	2014-05-27 12:47:25.1758	awaiting_confirmation	f	3326002626	Администрация муниципального образования Юрьев-Польский район	17
5	+79109427100	1107746762463	2014-05-27 13:18:55.997793	2014-05-27 13:18:55.997793	awaiting_confirmation	f	7714818115	Общество с ограниченной ответственностью "Эвитерра Трэвел"	45
22	+79652276543	308554307900368	2014-06-05 14:20:59.811228	2014-06-05 14:20:59.811228	done	t	550700115041	Иванов Дмитрий Викторович	52
15	+79164082947	1067761906805	2014-05-29 11:30:11.17242	2014-05-29 11:30:11.17242	awaiting_password	t	7718620740	ОБЩЕСТВО С ОГРАНИЧЕННОЙ ОТВЕТСТВЕННОСТЬЮ ХЭДХАНТЕР	45
6	+79109427100	1107746762463	2014-05-27 13:22:48.643838	2014-05-27 13:22:48.643838	awaiting_password	t	7714818115	Общество с ограниченной ответственностью "Эвитерра Трэвел"	45
16	+79263909009	313402510700024	2014-06-02 20:38:13.924816	2014-06-02 20:38:13.924816	new	f	402502788615	Ануфриева Юлия Александровна	29
30	+76666666666	304550423900137	2014-06-18 07:59:26.114687	2014-06-18 07:59:26.114687	awaiting_verification	t	551201223082	Кожевникова Анна Валерьевна	52
7	+79250220863	308554328100222	2014-05-28 11:41:31.211221	2014-05-28 11:41:31.211221	awaiting_password	t	550713241935	Иванов Александр Владимирович	52
8	+79250756548	1057749528100	2014-05-28 12:17:30.447126	2014-05-28 12:17:30.447126	new	f	7704582421	Общество с ограниченной ответственностью Гугл	45
17	+79096443322	308554307900368	2014-06-03 11:42:54.591313	2014-06-03 11:42:54.591313	awaiting_password	t	550700115041	Иванов Дмитрий Викторович	52
9	+79250756548	1057749528100	2014-05-28 12:20:26.87069	2014-05-28 12:20:26.87069	awaiting_password	t	7704582421	Общество с ограниченной ответственностью Гугл	45
10	+79164082947	1027103677963	2014-05-29 07:24:29.546759	2014-05-29 07:24:29.546759	new	f	7111002510	ОБЩЕСТВО С ОГРАНИЧЕННОЙ ОТВЕТСТВЕННОСТЬЮ ФИРМА РУССКИЕ ВАЛЕНКИ	70
39	+76666666666	307744708100020	2014-06-19 05:46:42.611107	2014-06-19 05:46:42.611107	done	t	744709697658	Гуськова Наталья Юрьевна	75
23	+79082868888	1086727000447	2014-06-06 07:11:48.759359	2014-06-06 07:11:48.759359	done	t	6727018989	Общество с ограниченной ответственностью "Региональные Фирменные Телекоммуникации"	66
11	+79037960516	1027103677963	2014-05-29 07:25:19.671969	2014-05-29 07:25:19.671969	awaiting_password	t	7111002510	ОБЩЕСТВО С ОГРАНИЧЕННОЙ ОТВЕТСТВЕННОСТЬЮ ФИРМА РУССКИЕ ВАЛЕНКИ	70
12	+79164082947	1022801063086	2014-05-29 09:42:15.906937	2014-05-29 09:42:15.906937	new	f	2814003131	СЕЛЬСКОХОЗЯЙСТВЕННЫЙ ПРОИЗВОДСТВЕННЫЙ КООПЕРАТИВ КОЛХОЗ "ЧЕРВОНЫЙ"	10
13	+79164082947	1067761906805	2014-05-29 11:24:23.336365	2014-05-29 11:24:23.336365	new	f	7718620740	ОБЩЕСТВО С ОГРАНИЧЕННОЙ ОТВЕТСТВЕННОСТЬЮ ХЭДХАНТЕР	45
14	+79164082947	1067761906805	2014-05-29 11:25:10.908142	2014-05-29 11:25:10.908142	new	f	7718620740	ОБЩЕСТВО С ОГРАНИЧЕННОЙ ОТВЕТСТВЕННОСТЬЮ ХЭДХАНТЕР	45
24	+71234123412	305550729800085	2014-06-11 08:28:06.193257	2014-06-11 08:28:06.193257	new	f	550306046505	Зверева Татьяна Геннадьевна	52
18	+79161737573	304550707900121	2014-06-05 07:37:27.397369	2014-06-05 07:37:27.397369	awaiting_password	t	550204821770	Иванов Александр Анатольевич	52
19	+79137776000	313547609900352	2014-06-05 14:00:46.851053	2014-06-05 14:00:46.851053	new	f	540862006579	Зарипова Ирина Викторовна	50
25	+70000000000	1107746070706	2014-06-11 10:08:03.968343	2014-06-11 10:08:03.968343	deferred	t	7713700897	ОБЩЕСТВО С ОГРАНИЧЕННОЙ ОТВЕТСТВЕННОСТЬЮ "ВП.РУ"	45
26	+79650238963	304550423900137	2014-06-18 07:38:17.173734	2014-06-18 07:38:17.173734	new	f	551201223082	Кожевникова Анна Валерьевна	52
20	+79137776000	313547609900352	2014-06-05 14:01:15.956805	2014-06-05 14:01:15.956805	done	t	540862006579	Зарипова Ирина Викторовна	50
21	+79652276543	308554307900368	2014-06-05 14:20:27.298761	2014-06-05 14:20:27.298761	new	f	550700115041	Иванов Дмитрий Викторович	52
38	+79195415948	304550730700126	2014-06-18 18:42:09.279282	2014-06-18 18:42:09.279282	done	t	550700228736	Калинина Наталья Владимировна	52
31	+74955324113	310554302900184	2014-06-18 08:02:16.9596	2014-06-18 08:02:16.9596	awaiting_verification	t	550400513161	Козаченко Светлана Евгеньевна	52
27	+79650238963	304550423900137	2014-06-18 07:38:54.301159	2014-06-18 07:38:54.301159	awaiting_verification	t	551201223082	Кожевникова Анна Валерьевна	52
40	+71234567890	1027739880937	2014-06-30 11:41:29.933215	2014-06-30 11:41:29.933215	new	f	7743033922	Общество с ограниченной ответственностью Радиофизические Тестовые Технологии	45
35	+79657895643	306550414400014	2014-06-18 08:33:27.574795	2014-06-18 08:33:27.574795	done	t	550407847614	Кожевникова Ирина Алексеевна	52
28	+79658974567	304550423900137	2014-06-18 07:48:05.139775	2014-06-18 07:48:05.139775	awaiting_verification	t	551201223082	Кожевникова Анна Валерьевна	52
34	+79650337545	306550414400014	2014-06-18 08:24:30.391214	2014-06-18 08:24:30.391214	awaiting_verification	t	550407847614	Кожевникова Ирина Алексеевна	52
32	+76666666666	304550423900137	2014-06-18 08:15:37.213362	2014-06-18 08:15:37.213362	awaiting_password	t	551201223082	Кожевникова Анна Валерьевна	52
41	+71234567890	1027739880937	2014-06-30 11:42:26.580603	2014-06-30 11:42:26.580603	done	t	7743033922	Общество с ограниченной ответственностью Радиофизические Тестовые Технологии	45
33	+77772222222	304550423900137	2014-06-18 08:21:25.246131	2014-06-18 08:21:25.246131	awaiting_password	t	551201223082	Кожевникова Анна Валерьевна	52
36	+79195415948	304550730700126	2014-06-18 18:39:35.849206	2014-06-18 18:39:35.849206	new	f	550700228736	Калинина Наталья Владимировна	52
37	+79195415948	304550730700126	2014-06-18 18:40:32.68323	2014-06-18 18:40:32.68323	new	f	550700228736	Калинина Наталья Владимировна	52
42	+76666660066	312313021200031	2014-07-03 11:53:10.620197	2014-07-03 11:53:10.620197	new	f	312103472571	Пятаков Алексей Сергеевич	14
43	+76666660066	312313021200031	2014-07-03 11:53:54.001232	2014-07-03 11:53:54.001232	new	f	312103472571	Пятаков Алексей Сергеевич	14
44	+76666666600	1027809015684	2014-07-03 13:07:25.348977	2014-07-03 13:07:25.348977	new	f	7820033983	ОБЩЕСТВО С ОГРАНИЧЕННОЙ ОТВЕТСТВЕННОСТЬЮ "ПЯТНОВ И К"	40
45	+76666666600	1027809015684	2014-07-03 13:08:46.295492	2014-07-03 13:08:46.295492	new	f	7820033983	ОБЩЕСТВО С ОГРАНИЧЕННОЙ ОТВЕТСТВЕННОСТЬЮ "ПЯТНОВ И К"	40
46	+74952222222	305272108400037	2014-07-21 11:06:24.204991	2014-07-21 11:06:24.204991	new	f	272113353226	Джабатов Мехти Фазилович	8
47	+74952222222	305272108400037	2014-07-21 11:08:22.039205	2014-07-21 11:08:22.039205	new	f	272113353226	Джабатов Мехти Фазилович	8
48	+74952222222	305272108400037	2014-07-21 11:10:57.245788	2014-07-21 11:10:57.245788	done	t	272113353226	Джабатов Мехти Фазилович	8
49	+74952222223	305272108400037	2014-07-21 11:15:37.142827	2014-07-21 11:15:37.142827	deferred	t	272113353226	Джабатов Мехти Фазилович	8
50	+74953333333	1027804856760	2014-07-22 06:49:14.382487	2014-07-22 06:49:14.382487	new	f	7810270262	ОБЩЕСТВО С ОГРАНИЧЕННОЙ ОТВЕТСТВЕННОСТЬЮ "СМУ"	40
51	+74953333333	1027804856760	2014-07-22 06:55:57.985767	2014-07-22 06:55:57.985767	new	f	7810270262	ОБЩЕСТВО С ОГРАНИЧЕННОЙ ОТВЕТСТВЕННОСТЬЮ "СМУ"	40
52	+74953333333	1027804856760	2014-07-22 07:00:01.415979	2014-07-22 07:00:01.415979	done	t	7810270262	ОБЩЕСТВО С ОГРАНИЧЕННОЙ ОТВЕТСТВЕННОСТЬЮ "СМУ"	40
53	+74954444444	1027804856760	2014-07-22 07:32:45.28628	2014-07-22 07:32:45.28628	deferred	t	7810270262	ОБЩЕСТВО С ОГРАНИЧЕННОЙ ОТВЕТСТВЕННОСТЬЮ "СМУ"	40
54	+75555555554	1117746358608	2014-07-22 07:46:07.414461	2014-07-22 07:46:07.414461	awaiting_verification	t	7731406680	Общество с ограниченной ответственностью "Хотпартнер"	45
\.


--
-- Name: registrations_id_seq; Type: SEQUENCE SET; Schema: public; Owner: ds_cabinet
--

SELECT pg_catalog.setval('registrations_id_seq', 54, true);


--
-- Data for Name: schema_migrations; Type: TABLE DATA; Schema: public; Owner: ds_cabinet
--

COPY schema_migrations (version) FROM stdin;
20140219160503
20140221172120
20140222081743
20140311064859
20140311071352
20140311071828
20140311093347
20140311114151
20140311114152
20140311121857
20140311165551
20140311165714
20140311200753
20140312072403
20140312074152
20140331082129
20140404090525
20140407113212
20140423083834
20140423091655
20140424102256
20140425122343
20140507133043
20140512091448
20140512091531
20140515071845
20140521081814
20140521085725
20140521092017
20140530104717
20140624090728
20140630112151
\.


--
-- Data for Name: search_queries; Type: TABLE DATA; Schema: public; Owner: ds_cabinet
--

COPY search_queries (id, user_id, text, created_at, updated_at) FROM stdin;
1	5	Prague	2014-06-20 11:42:44.974915	2014-06-20 11:42:44.974915
2	5	егрип	2014-06-20 11:42:52.489256	2014-06-20 11:42:52.489256
3	5	ЕГРИП	2014-06-20 11:42:58.018194	2014-06-20 11:42:58.018194
4	5	кадастр	2014-06-20 11:43:07.049988	2014-06-20 11:43:07.049988
5	5	тест	2014-06-20 11:43:20.334145	2014-06-20 11:43:20.334145
6	5	тест	2014-06-20 11:43:31.643181	2014-06-20 11:43:31.643181
7	5	енвд	2014-06-20 12:05:07.586864	2014-06-20 12:05:07.586864
8	5	ЕНВД	2014-06-20 12:05:11.667084	2014-06-20 12:05:11.667084
9	5	легато	2014-06-20 12:08:16.642643	2014-06-20 12:08:16.642643
10	5	что такое легато	2014-06-20 12:20:39.966364	2014-06-20 12:20:39.966364
\.


--
-- Name: search_queries_id_seq; Type: SEQUENCE SET; Schema: public; Owner: ds_cabinet
--

SELECT pg_catalog.setval('search_queries_id_seq', 10, true);


--
-- Data for Name: shortcuts; Type: TABLE DATA; Schema: public; Owner: ds_cabinet
--

COPY shortcuts (id, question, answer, created_at, updated_at) FROM stdin;
\.


--
-- Name: shortcuts_id_seq; Type: SEQUENCE SET; Schema: public; Owner: ds_cabinet
--

SELECT pg_catalog.setval('shortcuts_id_seq', 1, false);


--
-- Data for Name: sms_verifications; Type: TABLE DATA; Schema: public; Owner: ds_cabinet
--

COPY sms_verifications (id, cookie, code, attempts, phone, created_at, updated_at) FROM stdin;
40	7bbda67661006a8fd6816f84aca251fdd9637a80ee411b7491d6a4f1cda6454c	633227	2	+79659034567	2014-06-18 08:00:04.369907	2014-06-18 08:00:05.741388
10	84a7f8da66322a42244e34b77d14bda5eb6e3cd8f395b54703fd96a40d0b6d06	685213	0	+79250756548	2014-06-04 13:04:25.014246	2014-06-04 13:04:25.014246
42	7d04348232e50296c5bcc782fbe2078b021d53aad3770c606b97d4044b5a4a2d	279458	0	+74955324113	2014-06-18 08:02:25.303704	2014-06-18 08:02:25.303704
41	f9f5b29a3e52b991a19b2f8d98b90d4fdffe0e4c14eccb03734f4cfee462866b	196612	2	+76666666666	2014-06-18 08:00:13.283898	2014-06-18 08:15:11.904022
43	72920c9a7f5328f09d5afd67ff5ff7b5be955478711b22fbae4002c5b0423d3d	720923	1	+76666666666	2014-06-18 08:15:15.490754	2014-06-18 08:15:19.204941
68	2f4f481f39464caa2b510f67cb2888adb904648b49f179dde4bff5504d708547	109623	0	+75555555554	2014-07-22 08:42:55.674254	2014-07-22 08:42:55.674254
19	24260352db139f3e75e5f8465396d8388b89c136370fbe813117f3d5a79d5fe4	868282	1	+79650238963	2014-06-18 07:39:37.431113	2014-06-18 07:39:37.996823
49	e4ac5308dc719a813152058a9b9a5c1012b325489c9b46ddf9663d7fa5b224d1	269590	1	+79650337545	2014-06-18 08:25:12.61059	2014-06-18 08:25:12.899847
24	03005b822115da695f0a2eaf7d689b7338b5ca14e6b881faf353ccdc83694dbb	703457	0	+79658974567	2014-06-18 07:48:35.391452	2014-06-18 07:48:35.391452
25	bca90c9bf136c2c1a634728bcc4132c83a89361cb0c00904a2ddbfa0d918612c	067573	1	+79658974567	2014-06-18 07:48:36.693095	2014-06-18 07:48:44.109797
\.


--
-- Name: sms_verifications_id_seq; Type: SEQUENCE SET; Schema: public; Owner: ds_cabinet
--

SELECT pg_catalog.setval('sms_verifications_id_seq', 73, true);


--
-- Data for Name: taggings; Type: TABLE DATA; Schema: public; Owner: ds_cabinet
--

COPY taggings (id, tag_id, taggable_id, taggable_type, tagger_id, tagger_type, context, created_at) FROM stdin;
\.


--
-- Name: taggings_id_seq; Type: SEQUENCE SET; Schema: public; Owner: ds_cabinet
--

SELECT pg_catalog.setval('taggings_id_seq', 1, false);


--
-- Data for Name: tags; Type: TABLE DATA; Schema: public; Owner: ds_cabinet
--

COPY tags (id, name) FROM stdin;
\.


--
-- Name: tags_id_seq; Type: SEQUENCE SET; Schema: public; Owner: ds_cabinet
--

SELECT pg_catalog.setval('tags_id_seq', 1, false);


--
-- Data for Name: topics; Type: TABLE DATA; Schema: public; Owner: ds_cabinet
--

COPY topics (id, user_id, text, created_at, updated_at, author_id, widget_type, widget_options, read_at) FROM stdin;
1	3	Ок, я смог залогиниться. А где мой стартовый приветственный топик?!	2014-05-28 10:03:09.99603	2014-05-28 10:03:09.99603	3	\N	null	\N
2	3	пробуем	2014-05-28 10:09:12.813929	2014-05-28 10:09:12.813929	3	\N	null	\N
3	4	И что?	2014-05-28 11:44:56.882299	2014-05-28 11:44:56.882299	4	\N	null	\N
4	7	Здравствуйте!\nЯ являюсь Вашим ассистентом и буду в дальнейшем консультировать Вас по всем вопросам ведения бизнеса.\nДля того чтобы начать работу, Вам необходимо сообщить, какой налоговый режим Вы используете, - патент, УСН с 6% или ЕНВД.\nС радостью отвечу в дальнейшем на все возникающие вопросы.\n	2014-05-29 11:36:07.332031	2014-05-29 11:36:07.332031	3	\N	null	2014-05-29 11:37:19.085978
5	8	Здравствуйте!\nЯ являюсь Вашим ассистентом и буду в дальнейшем консультировать Вас по всем вопросам ведения бизнеса.\nДля того чтобы начать работу, Вам необходимо сообщить, какой налоговый режим Вы используете, - патент, УСН с 6% или ЕНВД.\nС радостью отвечу в дальнейшем на все возникающие вопросы.\n	2014-06-03 11:47:52.558719	2014-06-03 11:47:52.558719	7	\N	null	\N
6	9	Здравствуйте!\nЯ являюсь Вашим ассистентом и буду в дальнейшем консультировать Вас по всем вопросам ведения бизнеса.\nДля того чтобы начать работу, Вам необходимо сообщить, какой налоговый режим Вы используете, - патент, УСН с 6% или ЕНВД.\nС радостью отвечу в дальнейшем на все возникающие вопросы.\n	2014-06-05 14:02:30.825015	2014-06-05 14:02:30.825015	7	\N	null	\N
7	9	что за вторая строка снизу?	2014-06-05 14:03:24.08423	2014-06-05 14:03:24.08423	9	\N	null	\N
9	10	И что дальше?	2014-06-05 14:23:36.944904	2014-06-05 14:23:36.944904	10	\N	null	2014-06-05 14:25:06.649643
8	10	Здравствуйте!\nЯ являюсь Вашим ассистентом и буду в дальнейшем консультировать Вас по всем вопросам ведения бизнеса.\nДля того чтобы начать работу, Вам необходимо сообщить, какой налоговый режим Вы используете, - патент, УСН с 6% или ЕНВД.\nС радостью отвечу в дальнейшем на все возникающие вопросы.\n	2014-06-05 14:21:54.555297	2014-06-05 14:21:54.555297	4	\N	null	2014-06-05 14:26:30.394842
10	11	Здравствуйте!\nЯ являюсь Вашим ассистентом и буду в дальнейшем консультировать Вас по всем вопросам ведения бизнеса.\nДля того чтобы начать работу, Вам необходимо сообщить, какой налоговый режим Вы используете, - патент, УСН с 6% или ЕНВД.\nС радостью отвечу в дальнейшем на все возникающие вопросы.\n	2014-06-06 07:16:22.047988	2014-06-06 07:16:22.047988	7	\N	null	\N
11	11	Что дальше?	2014-06-06 07:20:56.34082	2014-06-06 07:20:56.34082	11	\N	null	\N
12	12	Здравствуйте!\nЯ являюсь Вашим ассистентом и буду в дальнейшем консультировать Вас по всем вопросам ведения бизнеса.\nДля того чтобы начать работу, Вам необходимо сообщить, какой налоговый режим Вы используете, - патент, УСН с 6% или ЕНВД.\nС радостью отвечу в дальнейшем на все возникающие вопросы.\n	2014-06-18 08:35:31.044853	2014-06-18 08:35:31.044853	4	\N	null	2014-06-18 08:38:34.371093
13	13	Здравствуйте!\nЯ являюсь Вашим ассистентом и буду в дальнейшем консультировать Вас по всем вопросам ведения бизнеса.\nДля того чтобы начать работу, Вам необходимо сообщить, какой налоговый режим Вы используете, - патент, УСН с 6% или ЕНВД.\nС радостью отвечу в дальнейшем на все возникающие вопросы.\n	2014-06-18 18:46:27.339743	2014-06-18 18:46:27.339743	4	\N	null	\N
14	14	Здравствуйте!\nЯ являюсь Вашим ассистентом и буду в дальнейшем консультировать Вас по всем вопросам ведения бизнеса.\nДля того чтобы начать работу, Вам необходимо сообщить, какой налоговый режим Вы используете, - патент, УСН с 6% или ЕНВД.\nС радостью отвечу в дальнейшем на все возникающие вопросы.\n	2014-06-19 05:48:08.318953	2014-06-19 05:48:08.318953	13	\N	null	\N
15	10	purchase	2014-06-19 11:33:46.822156	2014-06-19 11:33:46.822156	4	purchase	null	\N
16	5	Лега́то (итал. legato «связанный») в музыке — приём игры на музыкальном инструменте, связное исполнение звуков, при котором имеет место плавный переход одного звука в другой, пауза между звуками отсутствует. Легато показывает, что ноты играются или поются гладко и связно. 	2014-06-20 12:08:06.130917	2014-06-20 12:08:06.130917	5	\N	null	\N
17	15	Здравствуйте!\nЯ являюсь Вашим ассистентом и буду в дальнейшем консультировать Вас по всем вопросам ведения бизнеса.\nДля того чтобы начать работу, Вам необходимо сообщить, какой налоговый режим Вы используете, - патент, УСН с 6% или ЕНВД.\nС радостью отвечу в дальнейшем на все возникающие вопросы.\n	2014-06-30 11:44:49.0942	2014-06-30 11:44:49.0942	4	\N	null	\N
18	5	fdfaskdjflasdf	2014-07-18 06:12:51.183877	2014-07-18 06:12:51.183877	5	\N	null	\N
19	16	Здравствуйте!\nЯ являюсь Вашим ассистентом и буду в дальнейшем консультировать Вас по всем вопросам ведения бизнеса.\nДля того чтобы начать работу, Вам необходимо сообщить, какой налоговый режим Вы используете, - патент, УСН с 6% или ЕНВД.\nС радостью отвечу в дальнейшем на все возникающие вопросы.\n	2014-07-21 11:13:06.178167	2014-07-21 11:13:06.178167	4	\N	null	\N
20	17	Здравствуйте!\nЯ являюсь Вашим ассистентом и буду в дальнейшем консультировать Вас по всем вопросам ведения бизнеса.\nДля того чтобы начать работу, Вам необходимо сообщить, какой налоговый режим Вы используете, - патент, УСН с 6% или ЕНВД.\nС радостью отвечу в дальнейшем на все возникающие вопросы.\n	2014-07-22 07:13:31.997156	2014-07-22 07:13:31.997156	13	\N	null	\N
21	5	purchase	2014-08-11 11:17:32.81562	2014-08-11 11:17:32.81562	4	purchase	null	\N
22	5	purchase	2014-08-11 11:30:42.594879	2014-08-11 11:30:42.594879	4	purchase	null	\N
23	5	purchase	2014-08-11 11:30:52.64537	2014-08-11 11:30:52.64537	4	purchase	null	\N
24	5	purchase	2014-08-11 12:00:36.647964	2014-08-11 12:00:36.647964	4	purchase	null	\N
25	5	purchase	2014-08-11 12:36:59.190412	2014-08-11 12:36:59.190412	4	purchase	null	\N
26	5	purchase	2014-08-11 12:36:59.297346	2014-08-11 12:36:59.297346	4	purchase	null	\N
27	5	purchase	2014-08-12 13:13:33.700704	2014-08-12 13:13:33.700704	4	purchase	null	\N
28	5	purchase	2014-08-12 13:34:41.612701	2014-08-12 13:34:41.612701	4	purchase	null	\N
29	5	purchase	2014-08-12 13:35:38.389074	2014-08-12 13:35:38.389074	4	purchase	null	\N
31	5	purchase	2014-08-13 14:46:19.402924	2014-08-13 14:46:19.402924	4	purchase	null	\N
32	5	purchase	2014-08-14 12:56:24.924178	2014-08-14 12:56:24.924178	4	purchase	null	\N
33	5	purchase	2014-08-14 12:56:24.929211	2014-08-14 12:56:24.929211	4	purchase	null	\N
34	5	purchase	2014-08-14 12:56:25.401481	2014-08-14 12:56:25.401481	4	purchase	null	\N
35	5	purchase	2014-08-14 12:56:25.642703	2014-08-14 12:56:25.642703	4	purchase	null	\N
36	5	purchase	2014-08-14 12:56:25.704536	2014-08-14 12:56:25.704536	4	purchase	null	\N
37	5	purchase	2014-08-14 12:56:26.709476	2014-08-14 12:56:26.709476	4	purchase	null	\N
38	5	purchase	2014-08-14 12:56:26.732021	2014-08-14 12:56:26.732021	4	purchase	null	\N
39	5	purchase	2014-08-14 12:56:27.158887	2014-08-14 12:56:27.158887	4	purchase	null	\N
40	5	purchase	2014-08-14 12:56:27.222958	2014-08-14 12:56:27.222958	4	purchase	null	\N
30	5	purchase	2014-08-13 11:03:41.503494	2014-08-13 11:03:41.503494	4	purchase	null	2014-08-14 12:57:45.110298
41	5	purchase	2014-08-14 13:12:28.142829	2014-08-14 13:12:28.142829	4	purchase	null	\N
42	5	purchase	2014-08-14 13:29:46.922945	2014-08-14 13:29:46.922945	4	purchase	null	\N
43	5	purchase	2014-08-14 14:48:42.903277	2014-08-14 14:48:42.903277	4	purchase	null	\N
44	5	purchase	2014-08-14 15:16:36.377866	2014-08-14 15:16:36.377866	4	purchase	null	\N
45	5	purchase	2014-08-14 15:21:00.575428	2014-08-14 15:21:00.575428	4	purchase	null	\N
46	5	purchase	2014-08-14 15:55:35.80203	2014-08-14 15:55:35.80203	4	purchase	null	\N
47	5	hey, what's up?	2014-08-19 13:52:10.481291	2014-08-19 13:52:10.481291	5	\N	null	\N
\.


--
-- Name: topics_id_seq; Type: SEQUENCE SET; Schema: public; Owner: ds_cabinet
--

SELECT pg_catalog.setval('topics_id_seq', 47, true);


--
-- Data for Name: users; Type: TABLE DATA; Schema: public; Owner: ds_cabinet
--

COPY users (id, siebel_id, integration_id, created_at, updated_at, is_concierge, concierge_id, api_token, approved, tax_treatment, is_super_concierge, last_activity_at) FROM stdin;
6	1-1A8JMO	UAS100010	2014-05-29 07:28:01.567486	2014-05-29 07:28:01.567486	f	\N	9146baa4a0136678895f5a681ba21e0451edbe580d48dd651c03f019d123fa8e	f	\N	f	\N
8	1-1B647K	UAS100013	2014-06-03 11:47:52.492674	2014-06-03 11:47:52.492674	f	7	3a13ab5c33104a37440e788c1a2243aff7a02705cbb771cc114381c663283177	f	\N	f	\N
10	1-1BHNRK	UAS100019	2014-06-05 14:21:54.397729	2014-06-05 14:25:29.229691	f	4	ebff286f1d3af79beb39f6f899157ddf30cb117643d0d371f2de2f750f1830eb	f	УСН 6	f	\N
17	1-1P9UCM	UAS100105	2014-07-22 07:13:31.653538	2014-07-22 07:13:31.653538	f	13	8c2f24dd1f1aa37b9c41796049afa8874c7ef0de970b1d1bb677e8d32d1af07c	f	\N	f	2014-07-22 09:13:34.22049
7	1-1AAG7K	UAS100011	2014-05-29 11:36:07.16309	2014-06-18 07:52:48.213218	f	3	ed928946d3322c397814ec6e9657f3e647927ab617c0cab48aff957cce9c631e	f	\N	f	\N
3	1-19SOCU	UAS100000	2014-05-28 10:02:10.74829	2014-06-30 12:48:23.39649	f	4	f411720af14a89afa7fb80350adae6de21df9606b195d60233fc34e6638d64ed	f	\N	f	2014-08-20 12:39:14.741263
12	1-1G753W	UAS100100	2014-06-18 08:35:30.916893	2014-06-18 08:35:30.916893	f	4	b6d1d31f99709439e90017ae2e02b95152ae8118134a175f894414931f33a207	t	\N	f	\N
13	1-1G8SNI	UAS100101	2014-06-18 18:46:27.206246	2014-06-18 18:50:06.802904	t	4	85dd20891ff782f40a9a1ba5c38d2d4f9ae881936636cf785a4cab8488d092ad	f	\N	f	\N
16	1-1OZPD6	UAS100104	2014-07-21 11:13:05.787632	2014-07-21 11:13:05.787632	f	4	5f7dcaedd0af6923c1eae636e3015682cb93e24151f7bee779f71c180fde7409	f	\N	f	2014-07-21 11:14:52.088501
9	1-1BHLBI	UAS100018	2014-06-05 14:02:30.682402	2014-06-30 12:47:18.656803	f	4	4733e7ca8f319f1cf5309970279e84bac6125c76c4b3f87060aaeb110a5d204b	t	УСН 6	f	\N
11	1-1BKQII	UAS100020	2014-06-06 07:16:22.029698	2014-06-30 12:47:25.738456	f	4	5a7b7cce304e73f7228d5e438f57770792794cb1047fd9f97ac96e05132a415a	t	\N	f	\N
15	1-1IR0XA	UAS100103	2014-06-30 11:44:48.872195	2014-06-30 11:44:48.872195	f	4	61bb40005d7359943567442d43f66b8ca602a286229302f3d0149ff223bf2e4b	f	\N	f	2014-07-07 06:14:24.252294
5	1-19YBMW	UAS100008	2014-05-28 12:26:42.706593	2014-06-30 12:47:04.623542	f	4	f25326d206cc84ff10a5352c8c3ee4b74993c2417639c1bac5e104a6d8dac837	f	\N	f	2014-08-21 12:56:12.883072
4	1-19XK4C	UAS100003	2014-05-28 11:43:59.775435	2014-06-04 12:16:58.815435	t	\N	018d26e88d7dc714c8eaf82f32fa4d71eadb7a790cecc34f2fadf5439e97a169	f	\N	t	2014-08-26 12:11:17.954257
14	1-1G9T8G	UAS100102	2014-06-19 05:48:08.299843	2014-06-30 12:46:44.523138	f	4	5530489b6a31d1ea6826d0de408354411776ee3937322cd02fd4e786858f2754	f	\N	f	\N
\.


--
-- Name: users_id_seq; Type: SEQUENCE SET; Schema: public; Owner: ds_cabinet
--

SELECT pg_catalog.setval('users_id_seq', 17, true);


--
-- PostgreSQL database dump complete
--

